id,author,work,book_section,source_name,source_url,evidence_summary,analytical_relevance
1,Suetonius,Life of Julius Caesar,29,Lexundria,https://lexundria.com/suet_jul/29/r,"Suetonius reports that Caesar resisted efforts to terminate his command through tribunician vetoes and political allies, while preserving the claim that Caesar was deeply concerned about losing his preeminent political position.","Introduces personal status and political self-interest as possible motives alongside Caesar's constitutional arguments."
2,Suetonius,Life of Julius Caesar,29.2,Lexundria,https://lexundria.com/suet_jul/29/r,"Caesar appealed to the Senate either to preserve the privilege previously granted to him or to require other military commanders to resign their commands as well.","Corroborates the reciprocal-disarmament issue found in Caesar and Plutarch and supports Caesar's claim that he sought equal treatment."
3,Suetonius,Life of Julius Caesar,29.2,Lexundria,https://lexundria.com/suet_jul/29/r,"Suetonius reports that Caesar offered a compromise under which he would surrender most of his military forces and territory while temporarily retaining a reduced command until his election to the consulship.","Provides evidence that Caesar proposed substantial concessions short of unconditional disarmament."
4,Suetonius,Life of Julius Caesar,30.1,Lexundria,https://lexundria.com/suet_jul/30/r,"After his opponents rejected compromise, Caesar remained at Ravenna intending to resort to war if drastic action were taken against the tribunes who were exercising vetoes on his behalf.","Connects Caesar's decision for war to the treatment of the tribunes while also showing that armed resistance was a contemplated response before the final rupture."
5,Suetonius,Life of Julius Caesar,30.2-30.3,Lexundria,https://lexundria.com/suet_jul/30/r,"Suetonius explicitly distinguishes Caesar's stated justification for civil war from other proposed motives, including fear of prosecution and accountability for controversial actions during his earlier consulship.","Directly challenges a purely constitutional reading of Caesar's motives by introducing personal legal exposure as an alternative explanation."
6,Suetonius,Life of Julius Caesar,30.4,Lexundria,https://lexundria.com/suet_jul/30/r,"Suetonius cites Asinius Pollio for a later statement attributed to Caesar suggesting that defeat or surrender could have resulted in Caesar's condemnation despite his achievements.","Strengthens the interpretation that fear of prosecution or political destruction may have materially influenced Caesar's resort to military force."
7,Suetonius,Life of Julius Caesar,30.5,Lexundria,https://lexundria.com/suet_jul/30/r,"Suetonius also records the more hostile interpretation that Caesar's long-standing desire for power and assessment of his opponents' weakness led him to seize an opportunity for domination.","Provides a competing motive attribution that must be weighed critically rather than accepted as equivalent to contemporary evidence."
8,Suetonius,Life of Julius Caesar,31.1,Lexundria,https://lexundria.com/suet_jul/31/r,"When Caesar learned that the tribunes' veto had been overridden and that they had left Rome, he secretly sent cohorts ahead while publicly concealing his immediate intentions.","Shows that the military escalation following the tribunician crisis was deliberate and initially concealed."
9,Suetonius,Life of Julius Caesar,31.2,Lexundria,https://lexundria.com/suet_jul/31/r,"At the Rubicon, which Suetonius identifies as the boundary of Caesar's province, Caesar paused and acknowledged to his companions that they could still turn back but that crossing would commit the dispute to armed conflict.","Provides strong evidence that Caesar understood the crossing as a conscious threshold between reversible political conflict and war."
